Judul,Tanggal,Link,Isi Berita,Kategori
"Kasus Kekerasan Anak di Depok Viral, Pintu Daycare Kini Digembok Rapat","Nasional News - 01 August 2024, 16:39",https://news.republika.co.id/berita/shj9hu425/kasus-kekerasan-anak-di-depok-viral-pintu-daycare-kini-digembok-rapat,"Kasus Kekerasan Anak di Depok Viral, Pintu Daycare Kini Digembok Rapat. Kasus dugaan kekerasan yang terjadi di Wensen School Daycare membuat publik geram. Pasalnya, sang pelaku yang merupakan pemilik daycare tersebut dikenal sebagai influencer parenting yang kerap memberikan edukasi di media sosial (medsos). Wensen School yang terletak di RT 04, Harjamukti, Cimanggis, Depok, Jawa Barat identik dengan citra sekolah anak-anak. Terdapat tulisan kalimat yang biasa ada di sekolah anak seperti ""orang tua/pengantar sampai disini saja"" dan ""aku berani masuk kelas sendiri"". Siapa sangka ternyata lokasi yang diklaim sebagai daycare atau tempat penitipan anak ini menjadi TKP kasus kekerasan terhadap anak. Pemilik daycare di Depok, Meirita irianty, dilaporkan melakukan dugaan kekerasan terhadap balita 2 tahun berinisial MK. Orang tua korban, Rizki Dwi Utami yang melaporkannya. Peristiwa ini terjadi pada 10 Juni 2024 atau dua pekan seusai MK masuk ke daycare itu. Tapi, Rizki baru menyadari MK menjadi korban penganiayaan pada 24 Juli 2024. Fakta ini muncul lewat rekaman CCTV yang kini menjadi barang bukti. Pada Kamis (1/8/2024),bendera merah putih RI beserta beragam hiasan lain sudah terpasang di bangunan tersebut. Tampaknya, daycare tersebut sudah menyiapkan diri untuk perayaan HUT RI. Tapi perayaan itu harus berhenti karena pemilik Wensen School kini sudah ditahan polisi atas kasus kekerasan. Terdapat pula hiasan dinding dan gantungan dinding yang biasa ada di tempat penitipan anak. Terpantau pula ada tiga kamera pengawas yang ditempatkan di luar. Kamera ini mengarah untuk merekam aktivitas di luar bangunan. Ada pula tombol bel untuk memberi pertanda bagi kehadiran tamu. Sayangnya, awak media tidak bisa masuk ke dalam area Wensen School. Semua pintunya digembok rapat. Tapi dari luar dapat terlihat bangunannya cukup luas sekitar 200-300 meter persegi. Di bagian belakang ada pula kebun pisang. Letak Wensen School bersebelahan dengan bengkel mobil dan toko kayu sehingga praktis tidak ada rumah lain yang bersebelahan langsung. Sedangkan di bagian depannya ialah deretan ruko makanan dan minimarket. ",Pengasuh
"Pemilik Daycare Viral Ditangkap di Rumahnya, Polisi: Yang Bersangkutan tak Menyangkal","Happening - 01 August 2024, 10:17",https://ameera.republika.co.id/berita/shirse425/pemilik-daycare-viral-ditangkap-di-rumahnya-polisi-yang-bersangkutan-tak-menyangkal,"Pemilik Daycare Viral Ditangkap di Rumahnya, Polisi: Yang Bersangkutan tak Menyangkal. Akun Instagram Meita Irianty atau Tata Irianty mendadak hilang dari platform media sosial tersebut, setelah kasus dugaan kekerasan terhadap anak di daycare Wensen School, Depok, terungkap ke media sosial. Polres Metro Depok pun telah menangkap Meita di rumahnya setelah bukti dari rekaman CCTV memperlihatkan tindak kekerasan terhadap seorang anak di fasilitas daycare miliknya. Kapolres Metro Depok, Kombespol Arya Perdana,mengatakan pihaknya telah memeriksa empat orang saksi dan telah mendapatkan keterangan yang valid berdasarkan bukti-bukti yang cukup. ""Maka tadi jamsepuluh kita sudah melakukan penangkapan terhadap yang bersangkutan yaitu tersangka MI. Ini ditangkap di rumahnya oleh Satreskrim Polres,"" kata Arya Perdana dalam video keterangan pers yang diunggah di Instagram Polres Metro Depok,diunggah padaKamis (1/8/2024). Kombespol Arya mengatakan MI juga telah mengakui dirinya adalah sosok wanita yang terekam dalam CCTV. ""Yang bersangkutan mengakui bahwa di dalam CCTV adalah dirinya, jadi tidak menyangkal. Jadi yang melakukan kekerasan terhadap balita ini adalah terduga pelaku yang sudah kita amankan Mako Polres,"" kata Arya. Kasus ini bermula saat komika Gianluigi Christoikov mengunggah video di akun X-nya. Dalam video tersebut terlihat kekerasan terhadap balita yang dilakukan oleh seorang perempuan. Balita tersebut tampak dicubit, dipukul, ditendang dengan kaki perempuan tersebut.Insiden itu diketahui terjadi pada 10 Juni 2024. ""Tolong viralkan! Biada* influencer parenting, punya daycare tapi malah nyiksa,"" kata Gianlugini kala itu. Meita Irianty diketahui merupakan pemilik daycare Wensen School Depok. Dia dikenal sebagai influencer parenting dan memiliki banyak followers di media sosial. Daycare Wensen School berlokasi di Harjamukti, Cimanggis, Kota Depok. Daycare ini terbilang kumplit karena menyediakan berbagai kegiatan dan kelas untuk anak-anak sesuai jenjangnya. Namun kasus ini mendapat perhatian dari masyarakat, terutama orang tua yang khawatir akan keselamatan anak-anak mereka di daycare.",Pengasuh
Anak Pemilik Kucing Pororo Diduga Jadi Korban Kekerasan ART,"Happening - 14 July 2024, 18:34",https://ameera.republika.co.id/berita/sgm2u8425/anak-pemilik-kucing-pororo-diduga-jadi-korban-kekerasan-art,"Anak Pemilik Kucing Pororo Diduga Jadi Korban Kekerasan ART. Anak pertama dari influencer Cici Chania menjadi korban kekerasan dari mantan asisten rumah tangganya. Hal itu diungkapkan oleh pemilik kucing pororo tersebut melalui unggahan di Instagramnya @cicichaniaa. Menurut Cici, aksi kekerasan yang diduga dilakukan ART itu terjadi di luar rumah sehingga dia tidak pernah curiga. Untungnya ada seorang tetangga yang merekam aksi tersebut dan mengirimkannya kepada Cici. Manusia biadab, video dapet dari tetangga. Kalau di rumah dia gak keliatan tangan utama, karena ada CCTV di mana-mana. Tapi ternyata di luar dia kayak gini, kata Cici dalam unggahannya, dikutip Ahad (14/7/2024). Dalam video amatir yang diunggah Cici, terlihat anak laki-lakinya bernama Farrel Arkanza sedang duduk di stroller di kawasan komplek. ART itu kemudian terlihat menyuapi Farrel dengan kasar. Yang memilukn, ART itu juga terlihat memukul area punggung dan mencubit kasar pipi Farrel. Melihat anaknya diperlakukan seperti ini, Cici mengaku sangat hancur.Dedek kuat banget enggak nangis. Hancur hati ini ya Allah, kata Cici. Unggahan Cici itupun dibanjiri komentar warganet yang merasa kasihan kepada Farrel. Banyak di antara warganet yang sedih hingga apa yang dialami oleh Farrel yang masih balita.Pas di taro di stroller sakit banget ya Allah liatnya. Kasar banget kayak naro barang, padahal itu anak-anak lho, komentar akun @syi**.Gak kebayang seberapa sering melayang ke dede. Jangan-jangan ke pororo dan kawan-kawan dia juga begitu kalau enggak ketahuan, kata akun @kaamoni**. Padahal anaknya anteng dan gak rewel. Kok ada ya manusia begitu ya Allah, komentar akun @shint**.Astagfirulloh tega banget hai mbak. Semoga Farel sayang tetap sehat dan baik-baik saja ya, kata akun @drvivi**.",Pengasuh
"Anak Komedian Isa Bajaj Diduga Jadi Korban Kekerasan: Pulang Nangis, Kemaluannya Berdarah","Happening - 19 April 2024, 19:54",https://ameera.republika.co.id/berita/sc6x6o425/anak-komedian-isa-bajaj-diduga-jadi-korban-kekerasan-pulang-nangis-kemaluannya-berdarah,"Anak Komedian Isa Bajaj Diduga Jadi Korban Kekerasan: Pulang Nangis, Kemaluannya Berdarah. Anak perempuan dari komedian Isa Bajaj diduga mengalami kekerasan. Sang anak mengeluhkan rasa sakit pada area kemaluannya. Dalam unggahan di akun Instagram-nya, Isa menyebut area intim anak perempuannya hingga berdarah. Ada CCTV di alun-alun Magetan nggak ya? Sore ini Cer*a (nama anak Isa-Redaksi) pulang dari alun-alun nangis dan kemaluannya berdarah, tulis Isa mengawali keterangan foto yang diunggah di akun Instagram pribadinya. Cer*a cerita ditendang kakak cowok pakai kacamata di lapangan basket. Barang kali ada yang tahu info jadwal yang basket sore ini dari mana ya? Mohon dinas terkait bisa bantu saya soal ini, tulis Isa lagi lebih lanjut. Namun, unggahan tersebut kini telah dihapus oleh Isa. Isa mengunggah tulisan permintaan maaf pada teman-teman basket Magetan karena jadi merasa tertuduh dan tersudutkan atas unggahannya. Meski begitu, dia menceritakan sudah lapor ke polisi hingga melakukan olah TKP. Ternyata setelah olah TKP malam ini, kejadiannya jauh sebelum memasuki area basket. Semoga malam ini pihak kepolisian bisa mendapat CCTV yang mengarah ke TKP, agar segera terungkap apa yang terjadi sama Cer*a sebenarnya, tulis Isa dalam permintaan maaf itu. Pada hari ini, Jumat (19/4/2024), Isa bersama tim Polres Magetan kembali melakukan olah TKP untuk kedua kalinya. Selain itu, anaknya Isa juga telah melakukan visum dan pemeriksaan dokter. Isa bersyukur kini anaknya sudah berani berkemih meskipun masih mengeluhkan rasa sakit. Ia hanya bisa berharap anaknya tidak mengalami trauma dan yang pernah berkontak fisik dengan anaknya agar memiliki itikad baik untuk menyelesaikan permasalahan tersebut. Terima kasih segala perhatian dan support-nya, tulis Isa. Warganet pun ramai-ramai memberikan dukungan untuk Isa dan keluarga, karena sebagian besar mendugaada pelaku kekerasan seksual di balik peristiwa yang dialami anak dari Isa Bajaj itu. Semoga segera ketemu pelakunya, tulis hampir semua warganet.",Orang asing
"Kasus Penyiksaan Anak Selebgram Emy Aghnia, KPAI Soroti Yayasan Penyalur Pengasuh","Family - 01 April 2024, 08:22",https://ameera.republika.co.id/berita/sb8p4u425/kasus-penyiksaan-anak-selebgram-emy-aghnia-kpai-soroti-yayasan-penyalur-pengasuh,"Kasus Penyiksaan Anak Selebgram Emy Aghnia, KPAI Soroti Yayasan Penyalur Pengasuh. Komisi Perlindungan Anak Indonesia (KPAI) menyesalkan terjadinya kasus penyiksaan anak selebgram Emy Aghnia oleh pengasuh. Komisioner KPAI Diyah Puspitarini mengatakan prihatin atas kejadian yang menimpa Jana Amira Priyanka atau akrab disapa Canayang masih balita itu.Diyah menyayangkan kasus penganiayaan oleh pengasuh kembali terjadi. ""Hal ini juga menjadi pembelajaran dan refleksi untuk Yayasan penyalur,"" kata Diyah. Perihal pengasuh tersebut diambil dari yayasan ternama, Diyah mengatakan dengan nama yayasan yang sudah dikenal, semestinya memiliki sistem pengawasan dan evaluasi yang lebih akurat dan menjamin customer untuk nyaman dengan jasa tersebut. Meskipun hal ini juga kembali ke individu atau oknumpengasuh tersebut. Setiap yayasan yang menangungi penyaluran tenaga kerja, mestinya sudah mengantongi izin resmi negara. Di dalamnya, termasuk ada dewan pengawas dalam yayasan tersebut sehingga adanya dewan pengawas ini semestinya memiliki regulasi dan evaluasi dalam setiap penyaluran dan pemantauannya. ""Selebihnya bagi masyarakat yang akan memakai jasa yayasan penyalur baby sitter kami menyarankan hendaknya ada perjanjian dan melihat track record dari calon tenaga yang akan diminta bantuannya,""kata dia. Begitu juga pemeriksaan psikologis, hendaknya menjadi salah satu dasar dari tenaga baby sitter tersebut diturunkan. Adanya sistem pengawas seperti CCTV tetap diperlukan dan bahkan bisa langsung dipantau dari ponsel orang tua. Selebihnya bisa menggunakan pengawasan pada anggota keluarga lainnya yang kebetulan juga satu rumah dengan keluarga tersebut. Sementara dari pihak yayasan, sebaiknya pemantauan berkala tetap dilakukan untuk melihat tingkat kualitas tenaga yang disalurkan. Jadi orang tua yang hendak mengambilpengasuh bisa memperhatikan semua faktor tadi. Yayasan penyalur juga tidak bisa lepas tangan jika pengasuh sudah disalurkan. Dia mengatakan, KPAI sangat prihatin karena kekerasan dalam rumah tangga terjadi kembali, tidak melihat anak dari kalangan keluarga manapun. Tindakan KDRT tetap tidak dapat ditoleransi.KPAI berharap kasus ini diusut sampai tuntas. Pelaku dapat dijerat pasal dalam UU Perlindungan Anak dan KUHP yang beralaku serta UU PKDRT No 23 tahun 2004. Diyah mengatakan, anak korban harus mendapat pendampingan psikologis agar menghilangkan trauma dan juga diturunkan peksos untuk melakukan pendampingan bagi keluarga anak korban. ""Hal ini sesuai dengan UU Perlindungan Anak pasal 59A,"" kata dia. Sebelumnya warganet dibuat nangis berjamaah setelah Aghnia mengunggah kondisi anaknya, Cana yang mengenaskan. Terdapat banyak luka lebam bekas pukulan, lecet, memar, bahkan salah satu matanya tidak bisa terbuka normal. Cana diketahui disiksa selama lebih dari satu jam tanpa henti. Penyiksaan dilakukan di kamar yang dikunci rapat pada waktu subuh. Aghnia mengunggah rekaman penganiayaan berdurasi sekitar empat menit melalui Instagram. Dalam video itu, tampak suster pengasuh menindih badan Cana, melempar tubuhnya, sampai menyemprot minyak kutus-kutus ke bagian wajah yang diduga juga mengenai mata. Anak tersebut juga disebut sudah berlari dan dikejar ke sana ke mari untuk dihajar oleh pengasuh tersebut. Hingga saat ini kepolisian setempat masih mendalami motif tersangka penyiksaan tersebut.",Pengasuh
"Muncul Klarifikasi Diduga Penyalur Pengasuh Anak Aghnia Punjabi, Siap Dampingi Kasus","Happening - 30 March 2024, 16:10",https://ameera.republika.co.id/berita/sb5ayy370/muncul-klarifikasi-diduga-penyalur-pengasuh-anak-aghnia-punjabi-siap-dampingi-kasus,"Muncul Klarifikasi Diduga Penyalur Pengasuh Anak Aghnia Punjabi, Siap Dampingi Kasus. Kasus penganiayaan oleh baby sitter menimpa Jana Amira Priyanka atau akrab disapa Cana, yang merupakan anak perempuan dari selebgram asal Malang, Emy Aghnia. Penyiksaan ini disebut Aghnia dilakukan sampai lebih dari satu jam. Dalam unggahannya, Aghnia mengaku mengambil pengasuh itu dari penyalur terkenal di Surabaya. Aghnia sendiri tidak menyebut secara gamblang nama penyalur tersebut.Kini muncul unggahan terkait klarifikasi dari pihak yang diduga merupakan penyalur baby sitter tersebut. ""Dalam kasus yang menimpa Ibu @emyaghnia dan putri Cana, Val The Consultant meminta maaf dan sangat menyesalkn kejadian tersebut,"" tulis akun Instagram val_the consultant,"" dikutip Sabtu (30/3/2024). Pihak penyalur tersebut melanjutkan bahwa mereka sangat tidak memberikan toleransi terhadap segala bentuk kekerasan dalam pengasuhan anak. Kejadian ini tentu mencoreng salah satu nilai yang dimiliki perusahaan yang telah ditanamkan dalam pelayanan mereka selama ini. Tentu saja kejadian ini merugikan citra ribuan pekerja yang lain. Oleh karena itu, sebagai perusahaan yang bergerak di bidang penyediaan penitipan anak, juga mendukung penyelesaian kasus yang terjadi dan siap membantu proses hukum sebagaimana mestinya. Perusahaan penyalur tersebut menulis bahwa seorang pengasuh anak sejatinya tentu merupakan pihak yang seharusnya menjadi kepercayaan dan diandalkan. Apalagi ketika orang tua anak sedang tidak berada di rumah. ""Untuk para pekerja kami yang sedang menjalankan tugasnya, lakukanlah dengan hati dan senantiasa berpegang teguh pada prinsip bahwa bekerja itu sama halnya dengan ibadah. #Stop Child Abuse! Hormat Kami, MANAJEMEN PT VAL KONSULTAN INDONESIA,"" demikian pernyataan klarifikasi tersebut. Namun unggahan feed Instagram tersebut terpantau menutup kolom komentar. Perusahaan tersebut juga mengunggah pernyataan singkat itu di Instagram Stories.  Sebelumnya Emy Aghnia menghebohkan media sosial akibat kasus penyiksaan terhadap putrinya hingga babak belur. Penganiayaan itu dilakukan pada waktu subuh dengan pintu kamar yang terkunci rapat. Sang anak disebut sempat hendak melarikan diri, namun dikejar. Dalam penganiayaan itu juga tampak anak Aghnia ditindih badannya dan disiram dengan cairan yang diketahui merupakan minyak kutus-kutus. Aghnia juga menyebut kepolisian sampai tidak tega melihat hasil rekaman CCTV karena penganiayaan itu dilakukan tanpa henti. Cana mengalami sejumlah luka lebam di beberapa bagian tubuhnya, termasuk mata bengkak yang tidak bisa terbuka secara normal. ",Pengasuh
"Jadi Tersangka, Ini Alasan Pengasuh Anak Aghnia Punjabi Lakukan Penganiayaan","Hukum - 30 March 2024, 13:46",https://news.republika.co.id/berita/sb5ety370/jadi-tersangka-ini-alasan-pengasuh-anak-aghnia-punjabi-lakukan-penganiayaan,"Jadi Tersangka, Ini Alasan Pengasuh Anak Aghnia Punjabi Lakukan Penganiayaan. Polresta Malang Kota melakukan konferensi pers terkait kekerasan terhadap anak selebgram Emy Aghnia atau Aghnia Punjabi. Di situ terungkap motif pelaku IPS (27 tahun) menganiaya korban JAP (3). Kasatreskrim Polresta Malang Kota Kompol Danang Yudanto mengatakan pelaku merasa jengkel dengan korban karena tidak mau diobati. ""Berdasarkan pengakuan pelaku, tersangka jengkel dengan korban karena saat itu korban ingin diobati karena bekas cakaran di tubuh, korban tidak mau,"" kata Danang, Sabtu (30/3/2024). Selain itu, ada beberapa faktor pendorong lain yang lebih personal. Pelaku mengaku ada salah satu keluarganya yang sedang sakit. ""Tapi itu tidak bisa dijadikan alasan untuk melakukan kekerasan,"" kata Danang. Kapolresta Malang Kota Kombes Budi Hermanto mengatakan polisi sudah bergerak cepat usai mendapatkan laporan dari keluarga korban pada Jumat (29/3/2024). Polisi segera melakukan penyelidikan dan mengamankan sejumlah barang bukti. Peristiwa itu berawal pada Kamis (28/3/2024) pukul 04.18 WIB. Ibu korban mendapat informasi anaknya, JAP, mengalami cedera akibat jatuh. Terdapat memar di mata kiri dan kening atas.Namun, orang tua curiga dan membuka remakan CCTV. Dari rekaman tersebut, terungkap pengasuh IPS melakukan sejumlah tindakan kekerasan terhadap JAP. ""Ada beberapa perlakuan ke anak dengan cara memukul, menindih, dan mencubit,"" kata Kombes Budi, Sabtu. Orang tua korban segera melakukan pelaporan terhadap peristiwa tersebut dan melakukan Visum terhadap korban. Luka fisik yang dialami korban di antaranya memar di mata kiri, luka goresan di telinga kanan dan kiri, serta luka di bagian kening.Dari hasil interogasi unit PPA satreskim Polresta Malang Kota, ada beberapa tindakan yang dilakukan pelaku. Pelaku memukul korban menggunakan buku, menindih, dan menyiram korban dengan minyak gosok.Budi mengatakan, orang tua korban tidak ada di rumah saat peristiwa itu terjadi karena ada pekerjaan. Namun, di rumah itu korban tidak hanya berdua dengan pelaku. Ada beberapa orang lain juga berada di rumah tersebut, termasuk adik kandung korban. Namun, setelah melakukan aksinya, pelaku mengurung korban di dalam kamar dan tidak mengizinkannya keluar. ""Korban tidak boleh turun, tidak boleh keluar kamar dengan alasan kondisi demam,"" kata Budi. Akibat perbuatannya, pelaku dijerat pasal 80 ayat 2 Undang-Undang Nomor 35 tahun 2014 tentang Perlindungan Anak dengan hukuman maksimal lima tahun penjara dan denda Rp 100 juta.",Pengasuh
Anak Selebgram Emy Aghnia Disiksa Pengasuh Hingga Babak Belur,"Happening - 29 March 2024, 22:52",https://ameera.republika.co.id/berita/sb49fi425/anak-selebgram-emy-aghnia-disiksa-pengasuh-hingga-babak-belur,"Anak Selebgram Emy Aghnia Disiksa Pengasuh Hingga Babak Belur. Selebgram asal Malang, Jawa Timur, Emy Aghnia, mengunggah momen pilu wajah anaknya yangbabak belurkarena dianiaya oleh pengasuhnya. Emy juga mengunggah video CCTV bukti kekerasan yang dilakukan oleh pelaku. ASTAGHFIRULLAHALADZIM BIAD*B KAMU SUSTER! Sudah dianggap keluarga, dititipin anak dua hari kenapa kau siksa belahan jiwaku ini, ujar Emy dalam keterangan foto dan video yang diunggahnya hari ini, Jumat (29/3/2024). Emy mengaku sudah melaporkan kasus ini ke Polres Malang dan kasusnya sedang dalam proses penanganan. Ia berharap kasus ini bisa cepat selesai dan lancar, serta pelaku berinisial I bisa mendapat hukuman yang setimpal atas perbuatannya.Perlu diketahui sebelumnya saya tidak memiliki masalah apapun dengan sus I ,posisi sus adek sepertinya tidak mengetahui Cana disiksa. Saya ambil dari YAYASAN TERKENAL di Surabaya bahkan seluruh Indonesia tau yayasan ini yang tidak akan saya sebutkan, ungkap Emy lagi. Sontak berbagai reaksi warganet yang marah pun membanjiri kolom komentar yang sudah mencapai 249 ribu orang yang geram. Dari video CCTV yang diperlihatkan Emy, terlihat pelaku menganiaya anak pertama Emy yang berjenis kelamin perempuan bernama Cana. Anak yang masih berusia toddler itu juga tampak dipukul di bagian kepala, ditindih, hingga dijambak sampai digerakkan kepalanya dengan kasar. Mata sebelah kiri tampak membiru dan bengkak, serta di bagian telinga banyak luka bekas jeweran. Tidak hanya itu, Emy juga mengunggah isi percakapan dirinya dengan pelaku lewat WhatsApp, dan tampak pelaku dengan berani mencerca Emy. Dalam Instagram Story, Emy terdengar menangis dengan pilu dan merasa sakit hati sekali. Ia bertanya pada sang anak, apakah dirinya dijewer oleh pelaku, dan sang anak mengangguk. Warganet pun mendoakan agar polisi benar-benar mengusut kasus ini sampai tuntas. LAKN***TTTT, tulis beauty influencer Tasya Farasya. Astaghfirullah (emoji menangis), tulis aktris Syifa Hadju. Yang kuat mba nia, semoga mendapat keadilan, aamiin, tulis selebgram Keanu Agl. Ga cuma anaknya disiksa. Itu dikasih gaji juga di-janc*k-janc*k-in sih. Susnya bener-bener gila (emoji menangis), tulis founder MS Glow dan beauty influencer, Shandy Purnamasari.",Pengasuh
Polres Belawan Ungkap Dugaan Kasus Eksploitasi Anak,"Hukum - 27 March 2024, 23:41",https://news.republika.co.id/berita/sb0mc2423/polres-belawan-ungkap-dugaan-kasus-eksploitasi-anak,"Polres Belawan Ungkap Dugaan Kasus Eksploitasi Anak. Kepolisian Resor (Polres) Belawan Medan, Sumatera Utara mengungkap dugaan kasus eksploitasi terhadap anak di wilayah hukumnya. ""Kasus eksploitasi anak yang dilakukan oleh tersangka berinisial S, DS, dan LH,"" ujar Kepala Polres Pelabuhan Belawan AKBP Janton Silaban di Medan, Rabu (27/3/2024). Janton melanjutkan pengungkapan kasus eksploitasi anak yang melibatkan peran ibu kandung korban yakni DS dengan menawarkan jasa mesum anaknya kepada pria hidung belang. Lebih lanjut dia mengatakan, ibu kandung tersebut diduga terlibat dalam menjual diri anaknya kepada pihak yang memanfaatkan anak itu untuk kepentingan tidak bermoral. ""Terungkap kasus ini berawal dari adanya laporan terkait tindak pidana melarikan anak di bawah umur terhadap korban RF, tapi dari hasil penyidikan yang dilakukan ternyata kita berhasil mengungkap adanya tindak pidana eksploitasi anak ini"" ucap Kapolres. Janton mengatakan tersangka dijerat dengan Undang-Undang No 17 Tahun 2016 tentang perlindungan anak, serta tidak menutup kemungkinan akan dijerat dengan pasal perdagangan orang. Kapolres menegaskan komitmen pihak kepolisian untuk memberantas segala bentuk kejahatan yang merugikan anak-anak dan perempuan. ""Masyarakat diminta untuk lebih proaktif dalam melaporkan kasus-kasus serupa guna memberikan perlindungan kepada mereka yang rentan menjadi korban eksploitasi,"" ujarnya.",Keluarga
"Ayah Aniaya Anak Tiri Hingga Meninggal di Boyolali, Polisi: Sudah Tiga Bulan","Jateng - 28 January 2024, 12:41",https://rejogja.republika.co.id/berita/s7yihc432/ayah-aniaya-anak-tiri-hingga-meninggal-di-boyolali-polisi-sudah-tiga-bulan,"Ayah Aniaya Anak Tiri Hingga Meninggal di Boyolali, Polisi: Sudah Tiga Bulan. Pria berinisial MR (26 tahun) di Desa Guli, Kecamatan Nogosari, Kabupaten Boyolali, Jawa Tengah ditangkap atas dugaan penganiayaan terhadap anak tirinya. Korban, yang masih berusia tiga tahun, meninggal dunia. Korban ini anak tiri dari pelaku. Korban mengalami kekerasan dari pelaku sudah selama tiga bulan, sampai akhirnya meninggal dunia, kata Kepala Polres (Kapolres) Boyolali AKBP Petrus Parningotan Silalahi, dalam keterangan tertulis yang diterimaRepublika, Ahad (28/1/2024).Kapolres menjelaskan, pengusutan kasus itu berawal dari korban yang dikabarkan meninggal dunia pada Sabtu (20/1/2024). Saat para pelayat datang pada Senin (22/1/2024), mertua pelaku, JM (53), merasa curiga karena melihat luka memar kemerahan pada beberapa bagian jasad korban. Merasa curiga, menurut Kapolres, mertua lantas menanyakan kepada pelaku terkait penyebab kematian korban. Ketika itu, kata dia, pelaku menjawab korban jatuh setelah mandi di kamar mandi lantaran terhalang handuk pada Sabtu (20/1/2024). Atas peristiwa tersebut, kemudian saudara JM melapor ke Polres Boyolali, kata dia. Menindaklanjuti laporan itu, Satuan Reserse Kriminal (Satreskrim) Polres Boyolali melakukan serangkaian penyelidikan. Polisi memeriksa tempat kejadian perkara (TKP), meminta keterangan saksi-saksi, mengumpulkan barang bukti, dan berkoordinasi dengan dokter Puskesmas Nogosari. Berdasarkan hasil penyelidikan, polisi mengamankan ayah tiri korban. Setelah dilakukan interogasi, menurut Kapolres, pria tersebut mengakui telah melakukan tindak kekerasan terhadap anak tirinya sejak November 2023. Sebelum korban meninggal, Kapolres menjelaskan, pelaku sempat memegang leher belakang korban dan kemudian mendorong, serta membenturkan kepalanya ke pintu kamar. Korban kemudian lemas dan tertidur. Setelah bangun dan dimandikan, korban yang lemas kemudian dibawa ke puskesmas, namun dinyatakan meninggal dunia, kata Kapolres. Kapolres mengatakan, korban sudah dimakamkan pada Senin (22/1/2024) di tempat permakaman umum setempat. Untuk menambah alat bukti guna kepentingan penyidikan, kata dia, makam korban dibongkar dan jasad diautopsi. Untuk motif dan kronologi lengkapnya masih kami dalami karena sampai saat ini pelaku masih dalam pemeriksaan intensif oleh penyidik Satreskrim, kata Kapolres. Pelaku akan dijerat Pasal 80 Ayat 3 dan Ayat 4 Undang-Undang (UU) Nomor Nomor 35 Tahun 2014 tentang Perubahan atas UU Nomor 23 Tahun 2002 tentang Perlindungan Anak dan atau Pasal 44 Ayat 3 UU Nomor 23 Tahun 2004 tentang Penghapusan Kekerasan Dalam Rumah Tangga (KDRT).Ancaman hukumannya pidana penjara paling lama 15 tahun dan atau denda paling banyak Rp 3 miliar. Hukuman pidana bisa ditambah sepertiga dari ketentuan apabila yang melakukan penganiayaan tersebut tersebut adalah orang tuanya.",Keluarga
"Kasus Balita Dianiaya Kekasih Tante Hingga Tewas, Kementerian PPPA Pastikan Pelaku Diadili","Umum - 17 December 2023, 15:11",https://news.republika.co.id/berita/s5sxfk425/kasus-balita-dianiaya-kekasih-tante-hingga-tewas-kementerian-pppa-pastikan-pelaku-diadili,"Kasus Balita Dianiaya Kekasih Tante Hingga Tewas, Kementerian PPPA Pastikan Pelaku Diadili. Kementerian Pemberdayaan Perempuan dan Perlindungan Anak (KPPPA) memantau kasus meninggalnya HZ (3 tahun). HZ merupakan korban penganiayaan berujung meninggal oleh kekasih dari tantenya berinisial RA (29 tahun) di Jakarta Timur.Deputi Perlindungan Khusus Anak KPPPA, Nahar, mengecam kasus penganiayaan hingga mengakibatkan kematian. Nahar menegaskan tindak kekerasan kepada anak siapapun tidak dapat dibenarkan. ""Seharusnya seorang wali yang dititipkan amanah untuk menjaga anak dapat memberikan perlindungan dan pemenuhan hak bagi mereka,"" kata Nahar dalam keterangannya pada Ahad (17/12/2023). KPPPA berkoordinasi dengan Unit Pelayanan Terpadu Pusat Pelayanan Terpadu Pemberdayaan Perempuan dan Anak (UPT P2TP2A) DKI Jakarta dan Polres Metro Jakarta Timur dalam memastikan pelaku dapat diadili. Keluarga korban juga dapat diupayakan mendapatkan pendampingan hukum serta psikososial sebagai penguatan bagi keluarga. ""KemenPPPA akan terus melakukan koordinasi dengan stakeholder terkait untuk memantau kasus ini agar pelaku dapat diadili dan keluarga korban dapat diberikan akses dukungan psikososial untuk dapat pulih,"" ujar Nahar.Nahar menyebut HZ sempat dirawat di Ruang PICU Rumah Sakit Bhayangkara Tk I Raden Said Soekanto sejak 8 Desember 2023. Namun kondisinya memburuk hingga akhirnya pada 15 Desember 2023 korban meninggal dunia. Saat ini korban telah diberangkatkan dari RS Bhayangkara Tk I Raden Said Soekanto menuju Kabupaten Empat Lawang, Provinsi Sumatra Selatan. ""Kami memfasilitasi pemulangan jenazah korban ke rumah duka, dan memberikan pendampingan dan dukungan psikososial terhadap ayah korban yang baru saja kehilangan,"" ujar Nahar. Sebelumnya, tante korban berinisial SA sempat mengatakan kekasihnya RA tidak melakukan kekerasan fisik dan berkilah korban jatuh dari tangga. Namun setelah dilakukan pemeriksaan, ditemukan video penganiayaan yang dilakukan oleh RA.Atas penganiayaan yang dilakukan sejak November, RA telah ditangkap oleh Polres Metro Jakarta Timur. Tindak penganiayaan yang dilakukan oleh terlapor melanggar pasal 76 C Jo Pasal 80 ayat 3 UU Nomor 35 Tahun 2014 Tentang Perlindungan Anak. ""Berdasarkan hal tersebut, terlapor dapat dikenai pidana penjara 15 tahun,"" ujar Nahar.",Orang asing
"41 Kasus Kekerasan Anak di Sukabumi, Mayoritas Bullying","Nusantara - 23 October 2023, 12:35",https://news.republika.co.id/berita/s2yvjr423/41-kasus-kekerasan-anak-di-sukabumi-mayoritas-bullying,"41 Kasus Kekerasan Anak di Sukabumi, Mayoritas Bullying. Kasus kekerasan anak di Kota Sukabumi didominasi oleh bullying. Sebab dari sebanyak 41 kasus kekerasan anak dalam kurun waktu Januari-Oktober 2023 ini sebanyak 25 kasus di antaranya kasus bullying. ''Ada 41 kasus kekerasan terhadap anak dalam kurun waktu 2023 ini,'' ujar Kepala Bidang Pemberdayaan Perempuan dan Perlindungan Anak (P3A) Dinas Pengendalian Penduduk, Keluarga Berencana, Pemberdayaan Perempuan dan Perlindungan Anak (Dalduk KBP3A) Kota Sukabumi Ineu Nuraeni, Senin (23/10/2023). Perinciannya sebanyak 16 kasus kekerasan seksual dan 25 kasus bullying serta ketidaksiapan memasuki sekolah tingkat SD. Menurut Ineu, kasus tersebut telah ditangani oleh Unit Pelaksana Teknis Daerah (UPTD) Perlindungan Perempuan dan Anak (PPA). Dari analisis yang dilakukan, kekerasan ini ada yang dilakukan anak ke anak dan orang dewasa ke anak. Ineu menuturkan, untuk mencegah kasus kekerasan anak maka digelar pelatihan penanganan kasus kekerasan terhadap anak di lingkungan satuan pendidikan dasar di Hotel Horison Senin ini. Maksud kegiatan ini berharap meningkatkan kemampuan tenaga pendidik dalan menangani kasus kekerasan yang memerlukan langkah bersama terintegrasi melibatkan berbagai pihak. Sehingga kasus kekerasan anak ini bisa menurun. Peserta kegiatan ini adalah sebanyak 60 kepala sekolah tingakat SD. ''Sebenarnya ada 156 SD, tapi dibagi beberapa termin,'' ujar dia.''Melalui forum ini, ke depan akan terus menurun kasus kekerasan terhadap anak,'' ujar Penjabat (Pj) Wali Kota Sukabumi Kusmana Hartadji saat membuka kegiatan pelatihan. Terkadang kasus kekerasan terhadap anak dianggap suatu hal sepele, seperti memukul menghukum dan tindakan lainnya bersifat langsung. Selain itu, kekerasan anak berupa tekanan contoh kecil ibu guru sering memberikan pekerjaan rumah yang jadi beban untuk anak terutama yang tidak memiliki mentor. Kusmana menuturkan, penanganan pencegahan kekerasan bukan berbasis hukuman tapi berbasis kekeluargaan. Sehingga kasus penganiayaan, pengeroyokan dan perundungan bisa ditekan. Menurut penelitian kata Kusmana, karakter anak 80 persen oleh keluarga dan 20 persen lingkungan. Oleh karena itu, guru menjadi tenaga pendidik sekaligus keluarga.",Teman
"Bullying Merajalela, Pakar Pendidikan Soroti Perbaikan Sistem Sekolah dan Gim Kekerasan","Health - 03 October 2023, 17:54",https://ameera.republika.co.id/berita/s1y8yp366/bullying-merajalela-pakar-pendidikan-soroti-perbaikan-sistem-sekolah-dan-gim-kekerasan,"Bullying Merajalela, Pakar Pendidikan Soroti Perbaikan Sistem Sekolah dan Gim Kekerasan. Pakar Pendidikan Susanto mengatakan pentingnya edukasi setop perundungan di sekolah guna mencegah perilaku perundungan kembali terjadi di sekolah. ""Harus ada perbaikan sistem sekolah. Edukasi stop bullying harus dilakukan dengan baik di sekolah, baik melalui standing banner, literasi oleh guru, proyek anak, dan lain sebagainya,"" kata Susanto dalam keterangan, di Jakarta, Selasa (3/10/2023). Edukasi mengenai bahaya perundungan ini juga harus diiringi dengan penunjukan duta-duta antiperundungan dari anak. ""Termasuk penting menumbuhkan duta-duta antibullying dari anak untuk mencegah bullying di sekolah,"" katanya. Selain itu, ia juga meminta agar Perkominfo Nomor 11 Tahun 2016 tentang Klasifikasi Permainan Interaktif Elektronik, direvisi. Menurut Susanto, regulasi ini cenderung melihat permainan kekerasan dengan pendekatan klasifikasi usia. ""Padahal seharusnya usia berapapun, selagi masih usia anak tetap tak dibenarkan mengakses konten kekerasan apalagi sadisme agar anak tidak terimitasi,"" katanya. Susanto menambahkan gim berkonten kekerasan dan sadisme harus dipandang bukan materi permainan tapi materi negatif yang tidak boleh dilihat, apalagi dimainkan usia anak. ""Saya optimistis Pak Menkominfo memiliki perhatian dan keberanian melakukan revisi tersebut,"" katanya. Ketua Komisi Perlindungan Anak Indonesia (KPAI) periode 2017-2022 ini mengatakan deteksi dini juga penting untuk mencegah anak menjadi korban atau pelaku perundungan. ""Deteksi dini agar anak tidak menjadi korban dan pelaku bullying oleh orang tua dan guru perlu dilakukan agar pola pencegahan bisa dilakukan sedini mungkin,"" kata Dosen Pascasarjana Universitas PTIQ Jakarta. Menurut Susanto, kasus perundungan di Cilacap, Jawa Tengah, merupakan bagian dari perundungan yang terlihat di permukaan. Sejatinya, perundungan terjadi di sejumlah sekolah yang kadang tidak diketahui publik. Sejumlah kasus perundungan juga terjadi mulai dari tingkat PAUD, Sekolah Dasar, SMP, bahkan SMA/SMK.",Teman
KemenPPPA Kawal Kasus Penyiraman Air Panas Terhadap Bayi 4 Bulan di Bogor,"Umum - 08 August 2023, 15:00",https://news.republika.co.id/berita/rz2bkh366/kemenpppa-kawal-kasus-penyiraman-air-panas-terhadap-bayi-4-bulan-di-bogor,"KemenPPPA Kawal Kasus Penyiraman Air Panas Terhadap Bayi 4 Bulan di Bogor. Kementerian Pemberdayaan Perempuan dan Perlindungan Anak terus berkoordinasi dengan Pusat Pelayanan Terpadu Pemberdayaan Perempuan dan Anak (P2TP2A) Kabupaten Bogor, Jabar, untuk mengawal kasus penyiraman air panas yang dilakukan ibu kandung kepada bayinya. ""Asdep PAMPK (Asisten Deputi Pelayanan Anak yang Memerlukan Perlindungan Khusus) masih terus berkoordinasi dengan P2TP2A Kabupaten Bogor untuk mengawal kasus dan memastikan anak mendapatkan pendampingan lanjutan dan lainnya sesuai kebutuhan,"" kata Deputi Bidang Perlindungan Khusus Anak KemenPPPA Nahar saat dihubungi di Jakarta, Selasa (8/8/2023). Peristiwa ini bermula dari pertengkaran antara kedua orang tua anak terkait permasalahan ekonomi. Pelaku kemudian menyiram anaknya dengan air panas diduga sebagai luapan amarah kepada suaminya. Namun, NN (23 tahun), pelaku yang merupakan ibu kandung korban mengaku jika tidak sengaja melakukan hal itu saat sedang merebus mi. Akibat peristiwa tersebut, sang anak yang masih berusia empat bulan mengalami luka bakar melepuh pada bagian perut dan pusar. Rencananya dilakukan operasi untuk memulihkan luka yang diderita bayi malang tersebut.   ""Dalam kasus ini, ayah anak dan keluarga ingin menyelesaikan permasalahan secara kekeluargaan,"" kata Nahar. Namun, kepolisian masih mendalami kasus ini. P2TP2A Kabupaten Bogor terus mengawal kondisi anak dan lingkungan keluarga demi anak tersebut berada di lingkungan keluarga baik dan ramah untuk anak seusianya.",Keluarga
"Anak PAUD Jadi Korban Kekerasan Oknum Guru, Ini Kata Kementerian PPPA","Umum - 01 August 2023, 23:41",https://news.republika.co.id/berita/ryq111425/anak-paud-jadi-korban-kekerasan-oknum-guru-ini-kata-kementerian-pppa,"Anak PAUD Jadi Korban Kekerasan Oknum Guru, Ini Kata Kementerian PPPA. Kementerian Pemberdayaan Perempuan dan Perlindungan Anak (PPPA) menyebut bahwa bocah 4 tahun berinisial E yang menjadi korban kekerasan oknum guru PAUD di Banjarmasin, Kalimantan Selatan, telah pulih. ""Anak saat ini sudah sembuh, sudah berada di rumah,"" kata Deputi Bidang Perlindungan Khusus Anak Kementerian PPPA Nahar saat dihubungi di Jakarta, Selasa (1/8/2023). Nahar mengatakan,peristiwa kekerasan terjadi pada Maret 2023 dan ibunda korban baru membuat laporan ke Polda Kalimantan Selatan (Kalsel) pada awal Juni 2023. Kemudian Unit Pelaksana Teknis Daerah Perlindungan Perempuan dan Anak (UPTD PPA) Provinsi Kalsel mendampingi korban untuk melakukan visum et repertum pada Juni lalu dan visum psikiatrikum pada Juli. ""Kasus tersebut sudah masuk tahap penyidikan di UPPA (Unit Pelayanan Perempuan dan Anak) Polda Kalsel,"" kata Nahar. Terkait proses hukum kasus ini, Kementerian PPPA meminta aparat penegak hukum untuk memeriksa dengan seksama bekas kekerasan pada tubuh korban untuk menentukan sanksi pidana terhadap pelaku. ""Kami minta cek betul kondisi bekas kekerasannya agar dapat menentukan sanksi pidananya (pelaku) dengan pasti dan kebutuhan layanan lanjutan (korban),"" kata Nahar. Jika kekerasan ini memenuhi unsur pidana kekerasan yang mengakibatkan anak mengalami luka berat sesuai Pasal 76C, maka pelaku terancam pidana penjara paling lama lima tahun dan atau denda paling banyak Rp100 juta sesuai dengan ketentuan Pasal 80 Ayat (2) Undang-Undang Nomor 35 Tahun 2014 tentang Perubahan Atas Undang-Undang Nomor 23 Tahun 2002 tentang Perlindungan Anak. Jika lukanya ringan, kata dia, maka ancaman hukumannya dapat menggunakan Pasal 80 ayat (1) dengan ancaman pidana penjara paling lama 3 tahun 6 bulan dan atau denda paling banyak Rp 72 juta.",Tenaga Pendidik
Polisi Tangkap Ibu yang Aniaya 2 Anak Kandung di Malang,"Nusantara - 31 May 2023, 22:49",https://news.republika.co.id/berita/rvj5a8425/polisi-tangkap-ibu-yang-aniaya-2-anak-kandung-di-malang,"Polisi Tangkap Ibu yang Aniaya 2 Anak Kandung di Malang. Kepolisian Resor (Polres) Malang menangkap seorang ibu berinisial RW berusia 33 tahun. Dia diduga kerap melakukan penganiayaan terhadap kedua anak kandungnya berinisial AS (14) dan AE (4). Wakapolres Malang Kompol Wisnu S Kuncoro mengatakan, selain menangkap ibu kandung berinisial RW tersebut, petugas juga menangkap seorang pria berinisial RB (37) yang diduga turut serta dalam penganiayaan itu. ""Penganiayaan dilakukan karena anak-anak itu tidak habis menjual barang dagangan sesuai yang diperintahkan pelaku,"" kata Wisnu. Wisnu menjelaskan, kedua pelaku penganiayaan anak tersebut ditangkap petugas saat berada di sebuah rumah kos yang terletak di wilayah Kecamatan Blimbing, Kota Malang, pada 27 Mei 2023. Para pelaku itu, melakukan penganiayaan dengan menempelkan rokok kepada korban.Menurutnya, penganiayaan itu terungkap setelah korban AS yang sedang berdagang makaroni keliling bertemu dengan kakeknya pada 10 Mei 2023. AS kemudian menceritakan semua tindak kekerasan yang dialaminya kepada sang kakek. Sang kakek, lanjutnya, kemudian menghubungi ayah kandung AS dan melaporkan kejadian tersebut ke Polres Malang. Petugas yang mendapat laporan segera membawa korban ke rumah sakit untuk dilakukan visum. ""Usai mendapat laporan, petugas kemudian langsung bergerak dan melakukan penangkapan terhadap para pelaku,"" katanya. Dia mengatakan, tersangka RW berpisah dari suaminya sejak 2022. Mulai saat itu, kedua anak kandung mereka tinggal bersama di sebuah rumah kontrakan di Desa Watugede, Kecamatan Singosari, Kabupaten Malang. RW kemudian berkenalan dengan RB dan memutuskan untuk tinggal bersama di kontrakan bersama dua anak RW sejak Oktober 2022. Sejak saat itu, RW menyuruh anaknya untuk berjualan makaroni keliling untuk menambah penghasilan. ""Jika jualan tidak habis maka korban akan mendapat hukuman dari RW dan RB, yaitu dengan cara disundut rokok pada kedua tangan dan kaki. Selain itu pernah juga melakukan kekerasan memukul korban menggunakan penggaris besi dan kabel listrik,"" katanya. Wisnu menyebut, kondisi kedua korban saat ini masih dalam pendampingan psikologis dari tim Kedokteran Kepolisian Polres Malang. Keduanya dalam keadaan aman dan sekarang diasuh oleh keluarga ayah kandung korban. Keduanya dijerat Pasal 44 ayat (1) dan (2) UU No. 23 tahun 2004 tentang Penghapusan Kekerasan Dalam Lingkup Rumah Tangga, serta pasal pasal 80 ayat (1) dan (2) Jo pasal 76C UU No. 35 Tahun tahun 2014 tentang perubahan atas UU No. 23 Tahun 2002 tentang Perlindungan Anak. Pelaku terancam hukuman penjara maksimal selama10 tahun.",Keluarga
KemenPPPA: Korban Kasus Penganiayaan Anak oleh Guru di Flores Mulai Membaik,"Umum - 14 April 2023, 11:21",https://news.republika.co.id/berita/rt383e349/kemenpppa-korban-kasus-penganiayaan-anak-oleh-guru-di-flores-mulai-membaik,"KemenPPPA: Korban Kasus Penganiayaan Anak oleh Guru di Flores Mulai Membaik. Kementerian Pemberdayaan Perempuan dan Perlindungan Anak (Kemen PPPA) memantau kasus penganiayaan yang terjadi pada anak sembilan tahun oleh oknum guru di Flores Timur, Nusa Tenggara Timur. KemenPPPA memantau kondisi korban setelah terjadinya kasus penganiayaan yang dilakukan pelaku berinisial MGS.Deputi Bidang Perlindungan Khusus Anak, Nahar menyayangkan terjadinya tindak kekerasan yang dilakukan oleh oknum guru kepada seorang anak di Flores Timur. Apalagi, penganiayaan dilakukan di tempat umum yang disaksikan oleh banyak orang. ""Hal itu dapat menimbulkan trauma tersendiri kepada anak. Oleh karenanya, kami akan terus mengawal kondisi korban dan memastikan korban mendapatkan pendampingan, serta dapat mengakses pemulihan secara psikis dan fisik,"" kata Nahar dalam keterangannya pada Jumat (14/4/2023). KemenPPPA telah berkoordinasi dengan Dinas Pengendalian Penduduk, Keluarga Berencana, Pemberdayaan Perempuan dan Perlindungan Anak (DP2KB3) Flores Timur. Tujuannya dilakukan asesmen awal untuk memastikan kondisi fisik dan psikis korban setelah mengalami penganiayaan.Nahar menyampaikan dari hasil asesmen yang dilakukan diketahui korban tidak mengalami trauma psikis yang serius dan bisa berkomunikasi dengan baik. ""Kondisi fisik korban juga sudah membaik dan sudah bisa mengikuti aktivitas belajar di sekolah,"" ucap Nahar. KemenPPPA berkomitmen mengawal tindak lanjut atas proses mediasi kasus antara korban dan pelaku. Sebab kedua belah pihak sepakat menyelesaikan kasus melalui keadilan restoratif. ""Keadilan restoratif atau restorative justice dilaksanakan untuk mencari penyelesaian yang adil dengan menekankan pemulihan korban agar dapat kembali ke kondisi semula. Sehingga, kami berharap pascakesepakatan, terkait pemenuhan hak korban dapat terus diupayakan,"" ujar Nahar. Berikutnya, Nahar mendorong masyarakat segera melapor kepada pihak berwajib jika mendapatkan atau menemui kasus kekerasan terhadap anak di sekitarnya. ""Sehingga korban dapat segera diberikan perlindungan dan tidak mengalami kekerasan berulang,"" kata Nahar.",Tenaga Pendidik
"FSGI: Awal 2023, Ada 6 Kasus Perundungan dan 14 Kekerasan Seksual di Sekolah","Umum - 06 March 2023, 19:17",https://news.republika.co.id/berita/rr3m5m330/fsgi-awal-2023-ada-6-kasus-perundungan-dan-14-kekerasan-seksual-di-sekolah,"FSGI: Awal 2023, Ada 6 Kasus Perundungan dan 14 Kekerasan Seksual di Sekolah. Federasi Serikat Guru Indonesia (FSGI) menyoroti maraknya tindak kekerasan atau perundungan di satuan pendidikan yang terjadi beberapa waktu ke belakang. Berdasarkan catatan FSGI, sepanjang dua bulan pertama pada 2023 sudah tercatat ada enam kasus tindak perundungan atau kekerasan fisik dan 14 kasus kekerasan seksual di satuan pendidikan. ""Dari catatan FSGI, kasus perundungan pada Januari-Februari 2023 terjadi di jenjang pendidikan SD ada satu kasus, Madrasah Tsanwiyah (MTs) tercatat satu kasus, pondok pesantren ada satu kasus, dan terbanyak terjadi di jenjang SMK sebanyak tiga kasus,"" ujar Ketua Dewan Pakar FSGI, Retno Listyarti, dalam keterangan tertulis, Senin (6/3/2023). Adapun kasusnya, yakni santri berusia 13 tahun yang dibakar santri senior di Kabupaten Pasuruan, Jawa Timur. Lalu ada kepala madrasah di Gresik, Jawa Timur, menampar 15 anak karena jajan di luar kantin sekolah siswa membawa parang ke sekolah di Samarinda karena marah kepada guru olahraganya. Kemudian ada guru di Garut, Jawa Barat, menampar siswa yang kedapatan merokok dan menyuruh anak lain di kelas tersebut menghukum siswa perokok tersebut. Berikutnya, di kabupaten Banyuwangi ada siswa SD berusia 11 tahun bunuh diri diduga karena dirundung karena tidak memiliki ayah. ""FSGI menyampaikan duka mendalam pada keluarga korban MR di Banyuwangi yang diduga mengalami perundungan dari teman-teman di sekolah dan ditempat mengaji, karena tak mendapatkan pertolongan MR kemudian memutuskan bunuh diri,"" kata Retno. Retno mengatakan, korban dirudung karena tidak punya ayah yang meninggal setahun yang lalu. Menurut dia, kehilangan ayah tentu merupakan tekanan psikologi berat bagi anak. Ketika masalah psikologi kehilangan itu belum pulih, anak korban justru dirundung lantaran kehilangan ayahnya. Seharusnya para guru membangun empati dan simpati pada peserta didik terhadap sesama peserta didik lain yang sedang berduka karena kehilangan ayahnya, bukan malah dibully. Bahkan lebih aneh lagi, sekolah mengaku tidak pernah tahu bahwa MR di bully teman-teman sekolahnya,"" jelas Retno.",Teman
Pelaku Penyekapan Balita di NTT Ditangkap Polisi,"Bali Nusa Tenggara - 02 February 2023, 17:34",https://news.republika.co.id/berita/rpg827425/pelaku-penyekapan-balita-di-ntt-ditangkap-polisi,"Pelaku Penyekapan Balita di NTT Ditangkap Polisi. Kapolda Nusa Tenggara Timur Irjen Pol Johanis Asadoma mengatakan, tim penyidik dari Polres Timor Tengah Selatan (TTS) telah menangkap pelaku sekaligus orang tua angkat dari balita yang disekap di dalam kamar. Balita tersebut disekap dengan kaki dan tangan terikat. ""Tersangka sudah ditangkap dan ditahan oleh penyidik setempat akibat perbuatannya,"" kata dia di Kupang, Kamis (2/2/2023). Hal ini disampaikannya berkaitan dengan penyekapan oleh orang tua angkat dari bayi berusia dua tahun yang ditemukan di dalam kamar oleh warga dengan kaki terikat dan tangan terikat ke belakang dan muka dihadapkan ke lantai beralaskan tanah. Kejadian itu berlangsung di Desa Tunua, Kecamatan Mollo Utara, Kabupaten Timor Tengah Selatan (TTS). Kasus ini mulai terungkap setelah sebuah video menyebar di media sosial dan viral. Kapolda mengatakan, saat ini tersangka yang diberi inisial OAT atau Ori (34) tahun ini telah berada di sel Mapolres TTS untuk diperiksa lebih lanjut oleh tim penyidik. ""Saya sudah perintahkan agar proses hukum terhadap ibu itu dilakukan sesuai dengan aturan hukum yang berlaku,"" ujar jenderal berbintang dua itu.Kapolres TTS AKBP I Gusti Putu Suka Arsa mengatakan, selain ditahan tersangka juga diperiksa secara intensif. Dia mengatakan, dalam proses penyelidikan tim penyidik sudah memeriksa kurang lebih tujuh orang saksi yakni Yermi Nenometa, Carles Tuanani dan Ai Leo, staf Yayasan CIS Timor. Selain itu pihaknya juga memeriksa memeriksa Kepala Desa Tunua Maher Tanu, Kepala dusun I Yance Eliaser Oematan, dan Nofriyanto Tfuakani.",Keluarga
Seorang Ayah di Pasaman Diduga Aniaya Anak Hingga Tewas,"Sumatra - 18 January 2023, 20:34",https://news.republika.co.id/berita/rooodj430/seorang-ayah-di-pasaman-diduga-aniaya-anak-hingga-tewas,"Seorang Ayah di Pasaman Diduga Aniaya Anak Hingga Tewas. Kasi Humas Polres Pasaman, AKP Sudirman Syah, mengatakan adanya kejadian dugaan penganiayaan yang diduga dilakukan seorang ayah berinisial AH (45 tahun) di Kabupaten Pasaman. Dua anak yang menjadi korban masing-masing berusia 8 tahun dan 12 tahun. Satu anak di antaranya menurut Sudirman dinyatakan meninggal dunia. Kasus ini sedang ditangani dan dalam tahap penyidikan. Sampai saat ini, untuk terduga pelaku yang merupakan ayah juga masih mendapat perawatan. Ayahnya juga luka tusukan di perut karena senjata tajam. Kemungkinan mencoba bunuh diri. Arahnya mungkin sedang menuntut ilmu atau bagaimana, kami tidak tahu,"" kata Sudirman, Rabu (18/1/2023). Sudirman menyebutkan untuk korban meninggal merupakan anak berusia 8 tahun. Sedangkan yang berusia 12 tahun terpaksa dirujuk ke Rumah Sakit Umum Pusat (RSUP) M Djamil Padang karena luka parah.Kasus ini terungkap setelah sang ibu kehilangan anaknya yang tidak kunjung pulang pada Senin (16/1/2023). Keluarga dan sejumlah warga kemudian melakukan pencarian.Sudirman mengaku saat ini penyidik belum bisa meminta keterangan terhadap terduga pelaku karena masih mendapatkan perawatan di RSUD Lubuk Sikaping, Pasaman. Berdasarkan keterangan yang dihimpun polisi, AH ditemukan bersama anaknya yang paling kecil di pondok di kebun mereka pada malam harinya setelah dinyatakan hilang. Kondisi saat itu, AH mengalami luka tusukan di perut, sementara anaknya meninggal dengan luka gorokan di leher. ""Jadi ayahnya ini pertama membawa anak yang paling besar ke pondok di kebun sekitar pukul 11.30 WIB. Itu saksi banyak yang melihat. Anak yang pertama ini saat ditemukan luka parah terduduk,"" ujar Sudirman. Kemudian, lanjut Sudirman, terduga pelaku pulang sekitar pukul 15.00 WIB dan menjemput anaknya yang paling kecil. Ternyata pada malam harinya, keduanya sudah ditemukan bersimbah darah di pondok.",Keluarga
